date,horaires,espaces,evenement,style,technique,accueil,prix,sur_place,billetterie,fdr,lien_fdr,infos
2026-09-30,18h – 23h,Belvédère,Otro Tempo,"Jazz, dub, néo-folk",CDJ + DJM + platines vinyles,2 personnes – 2 plats staff (pas de restrictions) + 2 tickets boissons,Gratuit,,,,,
2026-10-01,19h – 01h,Belvédère,Olyn Two,,3x CDJ2000 + DJM 900,2 personnes – 2 plats staff (pas de restrictions) + 2 tickets boissons,Gratuit,,,,,
2026-10-01,19h – 00h,Agora,La Shredd invite 1000mods,Heavy rock,cf FDR,12 plats carnés + 3 plats végé,20 € / 24 €,,Dice uniquement,FDR 20261001 LA SHREDD INVITE 1000MODS.xlsx,,Ouverture des portes 19h / Curfew 00h
2026-10-02,18h – 22h,Belvédère ou Terrasse,Meryl Street,,CDJ + DJM,1 personne – 1 plat staff (pas de restrictions) + 2 tickets boissons,Gratuit,,,,,
2026-10-02,00h – 06h,Agora,Pont Neuf Records – 10 years showcase tour,House / techno,cf FDR,1 personne – 1 plat staff (pas de restrictions) + 2 tickets boissons,"16,50 € / 19,50 € / 25 € sur place",,Dice et Shotgun,FDR 20261002 PONT NEUF.xlsx,,
2026-10-03,16h – 18h,Belvédère,Atelier Lino Miriam,,Une prise (alimentation électrique) · 1 table + chaises,,35 € sur réservation,,,,,
2026-10-03,18h – 00h30,Terrasse + Belvédère,FaBoum,,cf FDR,"53 plats staff végés dont 9 mangés le lendemain (sans œufs, sans gluten, sans lactose)",Gratuit,,,FDR 20261003 - FABOUM - APERO.xlsx,,"Exploitation : mise à dispo de l'entrée Nord (avec tables, micro-ondes, chaises)"
2026-10-03,00h – 06h,Agora,Boa Club (After FaBoum),,cf FDR,3 artistes – pas de dîner à BP,"9,50 / 11,50 / 13,50 / 16,50 €",,Dice et Shotgun,FDR 20261003 - FAB BORDEAUX OPEN AIR.xlsx,,Exploitation : RAS
2026-10-04,12h & 14h,Belvédère,Robin Wood Duo,Jazz,Ingé son,2 personnes + ingé son,Gratuit,,,,,
2026-10-07,18h30 – 21h,Belvédère,Atelier Aquarelle Miriam,,1 table + chaises,Max 10 personnes,15 € sur inscription,,,,,
2026-10-08,18h – 00h,Belvédère / Terrasse,Apéro Girosport,,TBC,TBC,Gratuit,,,,,
2026-10-09,18h – 00h,Belvédère / Terrasse,TBC,,TBC,TBC,Gratuit,,,,,
2026-10-09,00h – 06h,Agora,"Halfpipe Records : Roni, Ahadadream, Unsho, Marge B2B Emi on Skis",,cf FDR (TBC),TBC,"12,50 € / 14,50 € / 18,50 €",TBC,Dice et Shotgun,,,
2026-10-10,18h30 – 21h,Agora / Parvis / Belvédère,Collectif Rivage : spectacle Devenir + banquet + DJ set Dia Radio,,cf FDR,TBC,Gratuit,TBC,"Gratuite, gérée par l'orga",FDR 20261010 - COLLECTIF RIVAGE.xlsx,,
2026-10-10,00h – 06h,Agora,Zona Libre : BSS + Dia! Radio + Yougo,,cf FDR,TBC,"8,50 € / 11,50 €",12 €,Dice uniquement,,,
2026-10-11,12h & 14h,Belvédère,The Coudougnans,Jazz,Ingé son,2 personnes + ingé son,Gratuit,,,,,
2026-10-11,19h30 – 23h,Agora,Talib Kweli + Joey Larsé + Plae Casi + Ëlle de Nuit,,cf FDR,TBC,"8,50 € / 11,50 €",12 €,Dice uniquement,FDR 20261011 TALIB KWELI.xlsx,,
2026-10-14,18h30 – 21h,Belvédère,Atelier Aquarelle Miriam,,1 table + chaises,Max 10 personnes,15 € sur inscription,,,,,+ répétitions Les Fluides dans l'Agora de 14h à 20h
2026-10-15,19h – 23h,Agora,Les Fluides,,cf FDR (TBC),,22 € (table) · 15 € (gradins ou mange-debout) · 10 € (tarif réduit),,Gérée par l'orga,,,
2026-10-16,00h – 06h,,Maison de Bois,,cf FDR (TBC),,"14,50 / 16,50 / 18,50 €",20 €,Dice uniquement,,,
2026-10-17,15h30 – 00h,,Festival Menthalo,,cf FDR,,Gratuit,,,FDR 20261017 FESTIVAL MENTHALO.xlsx,,
2026-10-17,00h – 06h,Agora,"Basses Fréquences : Shizzo, Tauteci, 42L, Roulita",,cf FDR (TBC),TBC,,TBC,Dice et Shotgun,,,
2026-10-18,12h & 14h,Belvédère,Mellifera,Jazz,Ingé son,2 personnes + ingé son,Gratuit,,,,,
2026-10-21,18h30 – 21h,Belvédère,Atelier Aquarelle Miriam (à confirmer),,1 table + chaises,Max 10 personnes,15 € sur inscription,,,,,
2026-10-22,20h – 00h,Belvédère,Sevenbeatz,,CDJ + DJM (platines vinyles à confirmer),,Gratuit,,,,,
2026-10-23,17h – 06h,Belvédère + Agora,VENDREDIXXL,,TBC,,Avant 19h : 0 € · avant 21h : 12 € · avant 23h : 17 € · à toute heure : 22 €,,Dice et Shotgun,,,
2026-10-24,16h – 18h30,Belvédère,Atelier Aquarelle Miriam,,1 table + chaises,Max 10 personnes,15 € sur inscription,,,,,
2026-10-24,21h – 01h30,Belvédère,Papy,,CDJ + DJM (à confirmer),,Gratuit,,,,,
2026-10-24,17h – 06h,Agora,Jetlag Gang,,TBC,,18 / 20 / 22 € en prévente,22 €,Dice uniquement,,,
2026-10-25,12h & 14h,Belvédère,Ayunci,Jazz,Ingé son,2 personnes + ingé son,Gratuit,,,,,
2026-10-28,18h – 23h,Belvédère,Otro Tempo,,CDJ + DJM + platines vinyles,,Gratuit,,,,,
2026-10-29,20h – 00h,Belvédère,Stella Moris,,CDJ + DJM,,Gratuit,,,,,
2026-10-30,20h – 01h,Belvédère,Alex Nothing,,CDJ + DJM,,Gratuit,,,,,
2026-10-30,00h – 06h,Agora,Offshore,,cf FDR (TBC),,"13,50 / 18,50 / 20,50 € en prévente",,Dice et Shotgun,,,
2026-10-31,00h – 06h,Agora,Option Kiddy Smile + Inès Rau,,,,,,,,,TBC
